agency,Ministry,
Accounting And Corporate Regulatory Authority,"Ministry of Finance",
Attorney-General's Chambers,Prime Minister's Office,
Auditor-General's Office,Prime Minister's Office,
Agri-food and Veterinary Authority,Ministry of National Development,
Building and Construction Authority,Ministry of National Development,
Civil Aviation Authority of Singapore,Ministry of Transport,
Competition Commission of Singapore,Ministry of Trade and Industry,
"Ministry of Culture,Community and Youth" - Ministry Headquarter,Ministry of Culture
"Ministry of Culture,Community and Youth" - National Youth Council,Ministry of Culture
Ministry of Social and Family Development - Early Childhood Development Agency,Ministry of Social and Family Development,
Ministry of Social and Family Development - Family Development Group,Ministry of Social and Family Development,
Ministry of Social and Family Development - Ministry Headquarter,Ministry of Social and Family Development,
Ministry of Social and Family Development - Rehabilitation and Protection,Ministry of Social and Family Development,
Council for Estate Agencies,Ministry of National Development,
Ministry of Transport - Ministry Headquarter,Ministry of Transport,
Council for Private Education,Ministry of Education,
Central Provident Fund Board,Ministry of Manpower,
Centre for Public Project Management,Ministry of Finance,
Casino Regulatory Authority,Ministry of Home Affairs,
Civil Service College,Prime Minister's Office,
Ministry of Defence,Ministry of Defence,
Ministry of Defence 5,Ministry of Defence,
Defence Science and Technology Agency,Ministry of Defence,
Singapore Examinations and Assessment Board,Ministry of Education,
Economic Development Board,Ministry of Trade and Industry,
Energy Market Authority of Singapore,Ministry of Trade and Industry,
Ministry of the Environment and Water Resources,Ministry of the Environment and Water Resources,
Ministry of Finance-Accountant-General's Department,Ministry of Finance,
Ministry of Finance - Singapore Customs,Ministry of Finance,
Ministry of Finance-Ministry Headquarter,Ministry of Finance,
Ministry of Finance - Vital,Ministry of Finance,
Ministry of Foreign Affairs,Ministry of Foreign Affairs,
Government Technology Agency (GovTech),Prime Minister's Office,
Housing and Development Board,Ministry of National Development,
Ministry of Health-Ministry Headquarter,Ministry of Health,
Ministry of Home Affairs-Ministry Headquarter,Ministry of Home Affairs,
Health Promotion Board,Ministry of Health,
Health Sciences Authority,Ministry of Health,
Info-communications Media Development Authority,Ministry of Communication and Information,
International Enterprise Singapore,Ministry of Trade and Industry,
Assumption Pathway School,Ministry of Education,
Methodist Girls' School (Secondary),Ministry of Education,
Northlight School,Ministry of Education,
Singapore Chinese Girls' School,Ministry of Education,
Intellectual Property Office of Singapore,Ministry of Law,
Inland Revenue Authority of Singapore,Ministry of Finance,
ISEAS - Yusof Ishak Institute,Ministry of Education,
Istana,Parliament of Singapore,
Ministry of Communications and Information,Ministry of Communication and Information,
Institute of Technical Education,Ministry of Education,
Jurong Town Corporation,Ministry of Trade and Industry,
Judiciary-State Courts,Ministry of Law,
Judiciary-Supreme Court,Ministry of Law,
Ministry of Law-Ministry Headquarter,Ministry of Law,
Land Transport Authority,Ministry of Transport,
Monetary Authority of Singapore,Prime Minister's Office,
Ministry of Education,Ministry of Education,
Ministry of Education - Schools,Ministry of Education,
Ministry of Manpower-Ministry Headquarter,Ministry of Manpower,
Ministry of Manpower-Information Systems & Technology Department,Ministry of Manpower,
Ministry of Manpower - Foreign Manpower Management Division,Ministry of Manpower,
Ministry of Manpower-Labour Relations Department,Ministry of Manpower,
Ministry of Manpower - Occupational Safety & Health Division,Ministry of Manpower,
Ministry of Manpower - Work Pass Division,Ministry of Manpower,
Maritime and Port Authority of Singapore,Ministry of Transport,
Majlis Ugama Islam Singapura,Ministry of Culture,
National Arts Council,Ministry of Culture,
Ministry of National Development-Ministry Headquarter,Ministry of National Development,
National Council of Social Service,Ministry of Social and Family Development,
National Environment Agency,Ministry of the Environment and Water Resources,
National Heritage Board,Ministry of Culture,
National Institute of Education,Ministry of Education,
National Library Board,Ministry of Communication and Information,
National Parks Board,Ministry of National Development,
Ngee Ann Polytechnic,Ministry of Education,
"Agency for Science,Technology and Research",Ministry of Trade and Industry
Nanyang Technological University,Ministry of Education,
National University of Singapore,Ministry of Education,
Duke-NUS Medical School,Ministry of Education,
NUS HIGH SCHOOL OF MATHEMATICS AND SCIENCE,Ministry of Education,
Nanyang Polytechnic,Ministry of Education,
Parliament,Parliament of Singapore,
People's Association,Ministry of Culture,
Productivity Fund Administration Board,Prime Minister's Office,
Prime Minister's Office-Corrupt Practices Investigation Bureau,Prime Minister's Office,
Prime Minister's Office-Elections Department,Prime Minister's Office,
Prime Minister's Office-Ministry Headquarter,Prime Minister's Office,
Prime Minister's Office - Strategy Group,Prime Minister's Office,
Prime Minister's Office - National Research Foundation,Prime Minister's Office,
Prime Minister's Office - National Security Co-ordination Secretariat,Prime Minister's Office,
Prime Minister's Office-Public Service Division,Prime Minister's Office,
Prime Minister's Office - Smart Nation and Digital Government Office,Prime Minister's Office,
Public Transport Council,Ministry of Transport,
Public Utilities Board,Ministry of the Environment and Water Resources,
Raffles Girls' School (Secondary),Ministry of Education,
Republic Polytechnic,Ministry of Education,
Science Centre Board,Ministry of Education,
Singapore Corporation of Rehabilitative Enterprises,Ministry of Home Affairs,
Sentosa Development Corporation,Ministry of Trade and Industry,
Singapore Land Authority,Ministry of Law,
Singapore Labour Foundation,Ministry of Manpower,
Singapore Sports Council,Ministry of Culture,
Singapore Polytechnic,Ministry of Education,
SPRING Singapore,Ministry of Trade and Industry,
SkillsFuture Singapore,Ministry of Education,
"School of Science and Technology,Singapore",Ministry of Education,
Singapore Tourism Board,Ministry of Trade and Industry,
Tote Board,Ministry of Finance,
Temasek Polytechnic,Ministry of Education,
Ministry of Trade & Industry-Department of Statistics,Ministry of Trade and Industry,
Ministry of Trade & Industry-Ministry Headquarter,Ministry of Trade and Industry,
Urban Redevelopment Authority,Ministry of National Development,
Workforce Singapore,Ministry of Manpower,
